sequence,name
ATAACTTCGTATAACATACATTATACGAAGTTAT,loxA-1
ATAACTTCGTATAACATACATTATACGAAGTTAT,loxA-2
ATAACTTCGTATAACATACATTATACGAAGTTAT,loxA-3
ATAACTTCGTATAACATACATTATACGAAGTTAT,loxB-1
ATAACTTCGTATAACATACATTATACGAAGTTAT,loxC-1
ATAACTTCGTATAACATACATTATACGAAGTTAT,loxC-2
ATAACTTCGTATAACATACATTATACGAAGTTAT,loxC-3
ATAACTTCGTATAACATACATTATACGAAGTTAT,loxC-4
ATAACTTCGTATAACATACATTATACGAAGTTAT,loxC-5
ATAACTTCGTATAACATACATTATACGAAGTTAT,loxC-6
ATAACTTCGTATAACATACATTATACGAAGTTAT,loxC-7
ATAACTTCGTATAACATACATTATACGAAGTTAT,loxD-1
ATAACTTCGTATAACATACATTATACGAAGTTAT,loxD-2
ATAACTTCGTATAACATACATTATACGAAGTTAT,loxD-3
ATAACTTCGTATAACATACATTATACGAAGTTAT,loxD-4
ATAACTTCGTATAACATACATTATACGAAGTTAT,loxD-5
ATAACTTCGTATAACATACATTATACGAAGTTAT,loxD-6
ATAACTTCGTATAACATACATTATACGAAGTTAT,loxD-7
ATAACTTCGTATAGTGTATATTATACGAAGTTAT,loxE-1
ATAACTTCGTATAGTGTATATTATACGAAGTTAT,loxE-2
ATAACTTCGTATAGTGTATATTATACGAAGTTAT,loxE-3
ATAACTTCGTATAACATATGCTATACGAAGTTAT,loxF-1
ATAACTTCGTATAACATATGCTATACGAAGTTAT,loxG-1
ATAACTTCGTATAACATACATTATACGAAGTTAT,loxH-1
ATAACTTCGTATAACATACATTATACGAAGTTAT,loxH-2
ATAACTTCGTATAGCATACATTATACGAAGTTAT,loxI-1
ATAACTTCGTATAGCATACATTATACGAAGTTAT,loxI-2
ATAACTTCGTATAACATATGCTATACGAAGTTAT,loxJ-1
ATAACTTCGTATAACATATGCTATACGAAGTTAT,loxJ-2
ATAACTTCGTATAACATATGCTATACGAAGTTAT,loxJ-3
ATAACTTCGTATAACATATGCTATACGAAGTTAT,loxK-1
ATAACTTCGTATAACATATGCTATACGAAGTTAT,loxK-2
ATAACTTCGTATAACATATGCTATACGAAGTTAT,loxK-3
ATAACTTCGTATAACATATGCTATACGAAGTTAT,loxK-4
ATAACTTCGTATAACATATGCTATACGAAGTTAT,loxK-5
ATAACTTCGTATAACATATGCTATACGAAGTTAT,loxL-1
ATAACTTCGTATAACATATGCTATACGAAGTTAT,loxL-2
ATAACTTCGTATAACATATGCTATACGAAGTTAT,loxL-3
ATAACTTCGTATAACATATGCTATACGAAGTTAT,loxL-4
ATAACTTCGTATAACATATGCTATACGAAGTTAT,loxM-1
ATAACTTCGTATAACATATGCTATACGAAGTTAT,loxM-2
ATAACTTCGTATAACATATGCTATACGAAGTTAT,loxM-3
ATAACTTCGTATAACATATGCTATACGAAGTTAT,loxM-4
ATAACTTCGTATAACATATGCTATACGAAGTTAT,loxM-5
ATAACTTCGTATAACATATGCTATACGAAGTTAT,loxM-6
ATAACTTCGTATAGCATATATTATACGAAGTTAT,loxN-1
ATAACTTCGTATAGCATATATTATACGAAGTTAT,loxN-2
ATAACTTCGTATAGCATATATTATACGAAGTTAT,loxN-3
ATAACTTCGTATAGCATATATTATACGAAGTTAT,loxN-4
ATAACTTCGTATAGCATATATTATACGAAGTTAT,loxN-5
ATAACTTCGTATAGCATATATTATACGAAGTTAT,loxO-1
ATAACTTCGTATAGCATATATTATACGAAGTTAT,loxO-2
ATAACTTCGTATAGCATATATTATACGAAGTTAT,loxO-3
ATAACTTCGTATAGCATATATTATACGAAGTTAT,loxO-4
ATAACTTCGTATAGCATATATTATACGAAGTTAT,loxQ-1
ATAACTTCGTATAGCATATATTATACGAAGTTAT,loxQ-2
ATAACTTCGTATAGCATATATTATACGAAGTTAT,loxR-1
ATAACTTCGTATAGCATATATTATACGAAGTTAT,loxR-2
ATAACTTCGTATAGCATATATTATACGAAGTTAT,loxR-3
ATAACTTCGTATAGTATACATTATACGAAGTTAT,loxS-1
ATAACTTCGTATAGTATACATTATACGAAGTTAT,loxS-2
ATAACTTCGTATAGTATACATTATACGAAGTTAT,loxS-3
ATAACTTCGTATAGTATACATTATACGAAGTTAT,loxS-4
ATAACTTCGTATAACATATGCTATACGAAGTTAT,loxT-1
ATAACTTCGTATAACATATGCTATACGAAGTTAT,loxT-2
ATAACTTCGTATAACATATGCTATACGAAGTTAT,loxT-3
ATAACTTCGTATAGCATATATTATACGAAGTTAT,loxU-1
ATAACTTCGTATAGCATATATTATACGAAGTTAT,loxU-2
ATAACTTCGTATAGCATATATTATACGAAGTTAT,loxU-3
ATAACTTCGTATAGCATATATTATACGAAGTTAT,loxU-4
ATAACTTCGTATAGCATATATTATACGAAGTTAT,loxU-5
ATAACTTCGTATAGCATATATTATACGAAGTTAT,loxV-1
ATAACTTCGTATAGCATATATTATACGAAGTTAT,loxV-2
ATAACTTCGTATAGCATATATTATACGAAGTTAT,loxV-3
ATAACTTCGTATAGCATATATTATACGAAGTTAT,loxV-4
ATAACTTCGTATAGCATATATTATACGAAGTTAT,loxV-5
ATAACTTCGTATAGCATATATTATACGAAGTTAT,loxV-6
ATAACTTCGTATAGCATATATTATACGAAGTTAT,loxW-1
ATAACTTCGTATAGCATATATTATACGAAGTTAT,loxW-2
ATAACTTCGTATAGCATATATTATACGAAGTTAT,loxW-3
ATAACTTCGTATAGCATATATTATACGAAGTTAT,loxW-4
ATAACTTCGTATAGCATATATTATACGAAGTTAT,loxW-5
ATAACTTCGTATAGCATATATTATACGAAGTTAT,loxW-6
ATAACTTCGTATAGCATATATTATACGAAGTTAT,loxX-1
ATAACTTCGTATAGCATATATTATACGAAGTTAT,loxX-2
ATAACTTCGTATAGCATATATTATACGAAGTTAT,loxX-3
ATAACTTCGTATAGCATATATTATACGAAGTTAT,loxX-4
ATAACTTCGTATAGCATATATTATACGAAGTTAT,loxX-5
ATAACTTCGTATAGCATATATTATACGAAGTTAT,loxX-6
